<?xml version="1.0" encoding="UTF-8" standalone="yes"?>
<contentHaul xmlns:a="http://www.appian.com/ae/types/2009">
    <versionUuid>_a-0000e5b0-33e4-8000-9bb1-011c48011c48_2534121</versionUuid>
    <rule>
        <name>SEC_Form_TemaProcedimiento</name>
        <uuid>_a-0000e5b0-33e4-8000-9bb1-011c48011c48_2522916</uuid>
        <description>Interfaz en la que se elige el tema y el procedimiento de la aplicación.</description>
        <parentUuid>_a-0000e540-4eb3-8000-9bae-011c48011c48_2428156</parentUuid>
        <visibility>
            <advertise>false</advertise>
            <hierarchy>true</hierarchy>
            <indexable>true</indexable>
            <quota>false</quota>
            <searchable>true</searchable>
            <system>false</system>
            <unlogged>false</unlogged>
        </visibility>
        <definition>/*Vamos a pintar la interfaz para seleccionar el tema y el procedimiento de la encuesta, y así conseguir cual es la primera pregunta*/
a!localVariables(
  /*Obtenemos todos los datos que necesitamos ESPAÑOL*/
  local!llamadaBBDD_Proc: #"_a-0000e5b0-33e4-8000-9bb1-011c48011c48_2522876"(tema: null),
  local!temas: union(
    local!llamadaBBDD_Proc.tema,
    local!llamadaBBDD_Proc.tema
  ),
  local!procedimientos: local!llamadaBBDD_Proc.procedimiento,
  local!textosES: #"_a-0000e5b0-33e4-8000-9bb1-011c48011c48_2523043"(),
  local!temaSeleccionado,
  local!procSeleccionado,
  local!esEspanol: if(
    ri!idioma = #"_a-0000e5b0-33e4-8000-9bb1-011c48011c48_2524775"[1],
    true(),
    false()
  ),
  /*AHORA OBTENEMOS LOS VALORES SI NO SON ESPAÑOL*/
  local!llamadaBBDD_ProcIdioma: if(
    local!esEspanol,
    null,
    #"_a-0000e5b0-33e4-8000-9bb1-011c48011c48_2525524"(tema: null, idioma: ri!idioma)
  ),
  local!temasIdioma: if(
    local!esEspanol,
    null,
    union(
      local!llamadaBBDD_ProcIdioma.tema,
      local!llamadaBBDD_ProcIdioma.tema
    )
  ),
  local!procedimientosIdioma: if(
    local!esEspanol,
    null,
    local!llamadaBBDD_ProcIdioma.procedimiento
  ),
  local!textosIdioma: if(
    local!esEspanol,
    null,
    #"_a-0000e5b0-33e4-8000-9bb1-011c48011c48_2524799"(idioma: ri!idioma)
  ),
  /*Pintamos los combos para el tema y procedimientos*/
  {
    #"SYSTEM_SYSRULES_richTextDisplayField"(
      value: #"SYSTEM_SYSRULES_richTextItem_v1"(
        text: if(
          local!esEspanol,
          local!textosES[7].texto,
          local!textosIdioma[wherecontains(
            local!textosES[7].texto,
            local!textosIdioma.idValor.texto
          )].texto
        ),
        color: "ACCENT",
        size: "MEDIUM_PLUS",
        style: "STRONG"
      )
    ),
    #"SYSTEM_SYSRULES_columnsLayout"(
      columns: {
        #"SYSTEM_SYSRULES_columnLayout"(
          contents: {
            /*TEMA*/
            #"SYSTEM_SYSRULES_dropdownField_v1"(
              label: if(
                local!esEspanol,
                local!textosES[1].texto,
                local!textosIdioma[wherecontains(
                  local!textosES[1].texto,
                  local!textosIdioma.idValor.texto
                )].texto
              ),
              placeholder: if(
                local!esEspanol,
                local!textosES[3].texto,
                local!textosIdioma[wherecontains(
                  local!textosES[3].texto,
                  local!textosIdioma.idValor.texto
                )].texto
              ),
              choiceLabels: if(local!esEspanol,local!temas,local!temasIdioma),
              choiceValues: if(local!esEspanol,local!temas,local!temasIdioma),
              value: local!temaSeleccionado,
              saveInto: {
                local!temaSeleccionado,
                a!save(local!procSeleccionado, null)
              }
            ),
            /*PROCEDIMIENTO*/
            #"SYSTEM_SYSRULES_dropdownField_v1"(
              label: if(
                local!esEspanol,
                local!textosES[2].texto,
                local!textosIdioma[wherecontains(
                  local!textosES[2].texto,
                  local!textosIdioma.idValor.texto
                )].texto
              ),
              placeholder: if(
                local!esEspanol,
                local!textosES[3].texto,
                local!textosIdioma[wherecontains(
                  local!textosES[3].texto,
                  local!textosIdioma.idValor.texto
                )].texto
              ),
              choiceLabels: if(local!esEspanol,local!procedimientos,local!procedimientosIdioma),
              choiceValues: if(local!esEspanol,local!procedimientos,local!procedimientosIdioma),
              value: local!procSeleccionado,
              saveInto: { local!procSeleccionado },
              disabled: isnull(local!temaSeleccionado)
            )
          },
          width: "WIDE"
        ),
        #"SYSTEM_SYSRULES_columnLayout"(width: "MEDIUM")
      }
    ),
    #"SYSTEM_SYSRULES_ButtonArrayLayout"(
      buttons: {
        #"SYSTEM_SYSRULES_ButtonWidget"(
          label: if(
            local!esEspanol,
            local!textosES[4].texto,
            local!textosIdioma[wherecontains(
              local!textosES[4].texto,
              local!textosIdioma.idValor.texto
            )].texto
          ),
          value: if(
            local!esEspanol,
            local!textosES[4].texto,
            local!textosIdioma[wherecontains(
              local!textosES[4].texto,
              local!textosIdioma.idValor.texto
            )].texto
          ),
          saveInto: {
            ri!boton,
            a!save(
              ri!preg_resp_accion.idProcedimiento,
              if(
                local!esEspanol,
                local!llamadaBBDD_Proc[wherecontains(
                  local!procSeleccionado, local!llamadaBBDD_Proc.procedimiento
                )],
                local!llamadaBBDD_ProcIdioma[wherecontains(
                  local!procSeleccionado, local!llamadaBBDD_ProcIdioma.procedimiento
                )]
              )
              
            )
          },
          submit: true(),
          disabled: #"_a-0000e4c5-791b-8000-9bac-011c48011c48_2402788"(local!procSeleccionado)
        )
      }
    )
  }
)</definition>
        <namedTypedValue>
            <name>preg_resp_accion</name>
            <type>
                <name>SEC_Preg_Resp_Accion</name>
                <namespace>urn:com:appian:types:SEC</namespace>
            </type>
        </namedTypedValue>
        <namedTypedValue>
            <name>boton</name>
            <type>
                <name>string</name>
                <namespace>http://www.w3.org/2001/XMLSchema</namespace>
            </type>
            <value/>
        </namedTypedValue>
        <namedTypedValue>
            <name>idioma</name>
            <type>
                <name>string</name>
                <namespace>http://www.w3.org/2001/XMLSchema</namespace>
            </type>
            <value/>
        </namedTypedValue>
        <preferredEditor>interface</preferredEditor>
        <offlineEnabled>false</offlineEnabled>
    </rule>
    <roleMap public="true">
        <role inherit="true" allowForAll="false" name="readers">
            <users/>
            <groups/>
        </role>
        <role inherit="true" allowForAll="false" name="authors">
            <users/>
            <groups/>
        </role>
        <role inherit="true" allowForAll="false" name="administrators">
            <users/>
            <groups/>
        </role>
        <role inherit="false" allowForAll="false" name="denyReaders">
            <users/>
            <groups/>
        </role>
        <role inherit="false" allowForAll="false" name="denyAuthors">
            <users/>
            <groups/>
        </role>
        <role inherit="false" allowForAll="false" name="denyAdministrators">
            <users/>
            <groups/>
        </role>
    </roleMap>
    <typedValue>
        <type>
            <name>RuleTestConfig?list</name>
            <namespace>http://www.appian.com/ae/types/2009</namespace>
        </type>
        <value>
            <el>
                <a:name/>
                <a:ruleInputTestConfigs>
                    <a:value xmlns:n1="urn:com:appian:types:SEC" xmlns:xsi="http://www.w3.org/2001/XMLSchema-instance" xsi:nil="true" xsi:type="n1:SEC_Preg_Resp_Accion"/>
                    <a:nameRef>preg_resp_accion</a:nameRef>
                    <a:id>1</a:id>
                </a:ruleInputTestConfigs>
                <a:ruleInputTestConfigs>
                    <a:value xmlns:xsd="http://www.w3.org/2001/XMLSchema" xmlns:xsi="http://www.w3.org/2001/XMLSchema-instance" xsi:type="xsd:string"/>
                    <a:nameRef>boton</a:nameRef>
                    <a:id>2</a:id>
                </a:ruleInputTestConfigs>
                <a:ruleInputTestConfigs>
                    <a:value xmlns:xsd="http://www.w3.org/2001/XMLSchema" xmlns:xsi="http://www.w3.org/2001/XMLSchema-instance" xsi:type="xsd:string">FR</a:value>
                    <a:nameRef>idioma</a:nameRef>
                    <a:id>3</a:id>
                </a:ruleInputTestConfigs>
                <a:assertions xmlns:xsi="http://www.w3.org/2001/XMLSchema-instance" xsi:nil="true"/>
            </el>
        </value>
    </typedValue>
    <history>
        <historyInfo versionUuid="_a-0000e5b0-33e4-8000-9bb1-011c48011c48_2534121"/>
    </history>
</contentHaul>
