<?xml version="1.0" encoding="UTF-8" standalone="yes"?>
<contentHaul xmlns:a="http://www.appian.com/ae/types/2009">
    <versionUuid>_a-0000e5b0-33e4-8000-9bb1-011c48011c48_2516491</versionUuid>
    <constant>
        <name>MUR_CDT_PREGUNTAS</name>
        <uuid>_a-0000e5b0-33e4-8000-9bb1-011c48011c48_2516487</uuid>
        <description>Constante que apunta la tabla de todas las preguntas existentes</description>
        <parentUuid>_a-0000e5b0-33e4-8000-9bb1-011c48011c48_2514303</parentUuid>
        <visibility>
            <advertise>false</advertise>
            <hierarchy>true</hierarchy>
            <indexable>true</indexable>
            <quota>false</quota>
            <searchable>true</searchable>
            <system>false</system>
            <unlogged>false</unlogged>
        </visibility>
        <typedValue>
            <type>
                <name>DataStoreEntity</name>
                <namespace>http://www.appian.com/ae/types/2009</namespace>
            </type>
            <value a:id="e3d1447c-dab7-4d67-a39b-a6d65edc47bb@_a-0000e5b0-33e4-8000-9bb1-011c48011c48_2514704"/>
        </typedValue>
        <isEnvironmentSpecific>false</isEnvironmentSpecific>
    </constant>
    <roleMap public="true">
        <role inherit="true" allowForAll="false" name="readers">
            <users/>
            <groups/>
        </role>
        <role inherit="true" allowForAll="false" name="authors">
            <users/>
            <groups/>
        </role>
        <role inherit="true" allowForAll="false" name="administrators">
            <users/>
            <groups/>
        </role>
        <role inherit="false" allowForAll="false" name="denyReaders">
            <users/>
            <groups/>
        </role>
        <role inherit="false" allowForAll="false" name="denyAuthors">
            <users/>
            <groups/>
        </role>
        <role inherit="false" allowForAll="false" name="denyAdministrators">
            <users/>
            <groups/>
        </role>
    </roleMap>
    <history>
        <historyInfo versionUuid="_a-0000e5b0-33e4-8000-9bb1-011c48011c48_2516491"/>
    </history>
</contentHaul>
