<?xml version="1.0" encoding="UTF-8" standalone="yes"?>
<contentHaul xmlns:a="http://www.appian.com/ae/types/2009">
    <versionUuid>_a-0000e5b0-33e4-8000-9bb1-011c48011c48_2516473</versionUuid>
    <constant>
        <name>MUR_CDT_ESTADOSFINALES</name>
        <uuid>_a-0000e5b0-33e4-8000-9bb1-011c48011c48_2516469</uuid>
        <description>Constante que apunta a la tabla de estados finales</description>
        <parentUuid>_a-0000e5b0-33e4-8000-9bb1-011c48011c48_2514303</parentUuid>
        <visibility>
            <advertise>false</advertise>
            <hierarchy>true</hierarchy>
            <indexable>true</indexable>
            <quota>false</quota>
            <searchable>true</searchable>
            <system>false</system>
            <unlogged>false</unlogged>
        </visibility>
        <typedValue>
            <type>
                <name>DataStoreEntity</name>
                <namespace>http://www.appian.com/ae/types/2009</namespace>
            </type>
            <value a:id="9250caf5-19b8-4696-9192-44d8c3f90261@_a-0000e5b0-33e4-8000-9bb1-011c48011c48_2514704"/>
        </typedValue>
        <isEnvironmentSpecific>false</isEnvironmentSpecific>
    </constant>
    <roleMap public="true">
        <role inherit="true" allowForAll="false" name="readers">
            <users/>
            <groups/>
        </role>
        <role inherit="true" allowForAll="false" name="authors">
            <users/>
            <groups/>
        </role>
        <role inherit="true" allowForAll="false" name="administrators">
            <users/>
            <groups/>
        </role>
        <role inherit="false" allowForAll="false" name="denyReaders">
            <users/>
            <groups/>
        </role>
        <role inherit="false" allowForAll="false" name="denyAuthors">
            <users/>
            <groups/>
        </role>
        <role inherit="false" allowForAll="false" name="denyAdministrators">
            <users/>
            <groups/>
        </role>
    </roleMap>
    <history>
        <historyInfo versionUuid="_a-0000e5b0-33e4-8000-9bb1-011c48011c48_2516473"/>
    </history>
</contentHaul>
