<?xml version="1.0" encoding="UTF-8" standalone="yes"?>
<contentHaul xmlns:a="http://www.appian.com/ae/types/2009">
    <versionUuid>_a-0000e5b0-33e4-8000-9bb1-011c48011c48_2525600</versionUuid>
    <rule>
        <name>SEC_getTextosSite_Idioma</name>
        <uuid>_a-0000e5b0-33e4-8000-9bb1-011c48011c48_2524799</uuid>
        <description>Regla que recupera los textos del site con los diferentes idiomas.</description>
        <parentUuid>_a-0000e540-4eb3-8000-9bae-011c48011c48_2428164</parentUuid>
        <visibility>
            <advertise>false</advertise>
            <hierarchy>true</hierarchy>
            <indexable>true</indexable>
            <quota>false</quota>
            <searchable>true</searchable>
            <system>false</system>
            <unlogged>false</unlogged>
        </visibility>
        <definition>cast(
  'type!{urn:com:appian:types:SEC}SEC_Textos_Site_Idioma?list',
  #"SYSTEM_SYSRULES_queryEntity_v1"(
    entity: #"_a-0000e5b0-33e4-8000-9bb1-011c48011c48_2522961",
    query: #"SYSTEM_SYSRULES_query"(
      pagingInfo: #"SYSTEM_SYSRULES_pagingInfo"(
        startIndex: 1,
        batchSize: - 1,
        sort: #"SYSTEM_SYSRULES_sortInfo"(field: "idValor_Idioma", ascending: true)
      ),
      logicalExpression: #"SYSTEM_SYSRULES_queryLogicalExpression"(
        operator: "AND",
        filters: #"SYSTEM_SYSRULES_queryFilter"(
          field: "idioma",
          operator: "=",
          value: ri!idioma
        )
      )
    ),
    fetchTotalCount: false
  ).data
)</definition>
        <namedTypedValue>
            <name>idioma</name>
            <type>
                <name>string</name>
                <namespace>http://www.w3.org/2001/XMLSchema</namespace>
            </type>
            <value/>
        </namedTypedValue>
        <preferredEditor>legacy</preferredEditor>
        <offlineEnabled>false</offlineEnabled>
    </rule>
    <roleMap public="true">
        <role inherit="true" allowForAll="false" name="readers">
            <users/>
            <groups/>
        </role>
        <role inherit="true" allowForAll="false" name="authors">
            <users/>
            <groups/>
        </role>
        <role inherit="true" allowForAll="false" name="administrators">
            <users/>
            <groups/>
        </role>
        <role inherit="false" allowForAll="false" name="denyReaders">
            <users/>
            <groups/>
        </role>
        <role inherit="false" allowForAll="false" name="denyAuthors">
            <users/>
            <groups/>
        </role>
        <role inherit="false" allowForAll="false" name="denyAdministrators">
            <users/>
            <groups/>
        </role>
    </roleMap>
    <history>
        <historyInfo versionUuid="_a-0000e5b0-33e4-8000-9bb1-011c48011c48_2525600"/>
    </history>
</contentHaul>
