<?xml version="1.0" encoding="UTF-8" standalone="yes"?>
<contentHaul xmlns:a="http://www.appian.com/ae/types/2009">
    <versionUuid>_a-0000e5b0-33e4-8000-9bb1-011c48011c48_2535782</versionUuid>
    <rule>
        <name>SEC_EditarArbol</name>
        <uuid>_a-0000e5b0-33e4-8000-9bb1-011c48011c48_2535610</uuid>
        <description>Regla que edita el arbol con nuevos campos o nuevos movimientos</description>
        <parentUuid>_a-0000e540-4eb3-8000-9bae-011c48011c48_2428164</parentUuid>
        <visibility>
            <advertise>false</advertise>
            <hierarchy>true</hierarchy>
            <indexable>true</indexable>
            <quota>false</quota>
            <searchable>true</searchable>
            <system>false</system>
            <unlogged>false</unlogged>
        </visibility>
        <definition>if(
  or(
    #"_a-0000e4c5-791b-8000-9bac-011c48011c48_2402788"(value: ri!preg_resp_accion),
    #"_a-0000e4c5-791b-8000-9bac-011c48011c48_2402788"(value: ri!accion)
  ),
  null,
  a!localVariables(
    local!actual: index(ri!preg_resp_accion, ri!indice, null),
    local!longitud: length(ri!preg_resp_accion),
    /*Accion -- subir*/
    if(
      ri!accion = "subir",
      remove(
        insert(
          ri!preg_resp_accion,
          local!actual,
          ri!indice - 1
        ),
        ri!indice + 1
      ),
      /*Accion -- bajar*/
      if(
        ri!accion = "bajar",
        remove(
          insert(
            ri!preg_resp_accion,
            local!actual,
            ri!indice + 2
          ),
          ri!indice
        ),
        /*Accion -- borrar*/
        if(
          ri!accion = "borrar",
          remove(ri!preg_resp_accion, ri!indice),
          /*POR DEFECTO*/
          /*Accion -- nuevo*/
          insert(
            ri!preg_resp_accion,
            'type!{urn:com:appian:types:SEC}SEC_Preg_Resp_Accion'(),
            local!longitud + 1
          )
        )
      )
    )
  )
)</definition>
        <namedTypedValue>
            <name>preg_resp_accion</name>
            <type>
                <name>SEC_Preg_Resp_Accion?list</name>
                <namespace>urn:com:appian:types:SEC</namespace>
            </type>
        </namedTypedValue>
        <namedTypedValue>
            <name>accion</name>
            <type>
                <name>string</name>
                <namespace>http://www.w3.org/2001/XMLSchema</namespace>
            </type>
            <value/>
        </namedTypedValue>
        <namedTypedValue>
            <name>indice</name>
            <type>
                <name>int</name>
                <namespace>http://www.w3.org/2001/XMLSchema</namespace>
            </type>
        </namedTypedValue>
        <preferredEditor>legacy</preferredEditor>
        <offlineEnabled>false</offlineEnabled>
    </rule>
    <roleMap public="true">
        <role inherit="true" allowForAll="false" name="readers">
            <users/>
            <groups/>
        </role>
        <role inherit="true" allowForAll="false" name="authors">
            <users/>
            <groups/>
        </role>
        <role inherit="true" allowForAll="false" name="administrators">
            <users/>
            <groups/>
        </role>
        <role inherit="false" allowForAll="false" name="denyReaders">
            <users/>
            <groups/>
        </role>
        <role inherit="false" allowForAll="false" name="denyAuthors">
            <users/>
            <groups/>
        </role>
        <role inherit="false" allowForAll="false" name="denyAdministrators">
            <users/>
            <groups/>
        </role>
    </roleMap>
    <typedValue>
        <type>
            <name>RuleTestConfig?list</name>
            <namespace>http://www.appian.com/ae/types/2009</namespace>
        </type>
        <value>
            <el>
                <a:name>Ejemplo de Bajar</a:name>
                <a:ruleInputTestConfigs>
                    <a:value xmlns:xsi="http://www.w3.org/2001/XMLSchema-instance" xsi:type="a:Expression">#"_a-0000e5b0-33e4-8000-9bb1-011c48011c48_2523516"()</a:value>
                    <a:nameRef>preg_resp_accion</a:nameRef>
                    <a:id>1</a:id>
                </a:ruleInputTestConfigs>
                <a:ruleInputTestConfigs>
                    <a:value xmlns:xsd="http://www.w3.org/2001/XMLSchema" xmlns:xsi="http://www.w3.org/2001/XMLSchema-instance" xsi:type="xsd:string">bajar</a:value>
                    <a:nameRef>accion</a:nameRef>
                    <a:id>2</a:id>
                </a:ruleInputTestConfigs>
                <a:ruleInputTestConfigs>
                    <a:value xmlns:xsd="http://www.w3.org/2001/XMLSchema" xmlns:xsi="http://www.w3.org/2001/XMLSchema-instance" xsi:type="xsd:int">5</a:value>
                    <a:nameRef>indice</a:nameRef>
                    <a:id>3</a:id>
                </a:ruleInputTestConfigs>
                <a:assertions xmlns:xsi="http://www.w3.org/2001/XMLSchema-instance" xsi:nil="true"/>
            </el>
            <el>
                <a:name>Ejemplo de subir</a:name>
                <a:ruleInputTestConfigs>
                    <a:value xmlns:xsi="http://www.w3.org/2001/XMLSchema-instance" xsi:type="a:Expression">#"_a-0000e5b0-33e4-8000-9bb1-011c48011c48_2523516"()</a:value>
                    <a:nameRef>preg_resp_accion</a:nameRef>
                    <a:id>1</a:id>
                </a:ruleInputTestConfigs>
                <a:ruleInputTestConfigs>
                    <a:value xmlns:xsd="http://www.w3.org/2001/XMLSchema" xmlns:xsi="http://www.w3.org/2001/XMLSchema-instance" xsi:type="xsd:string">subir</a:value>
                    <a:nameRef>accion</a:nameRef>
                    <a:id>2</a:id>
                </a:ruleInputTestConfigs>
                <a:ruleInputTestConfigs>
                    <a:value xmlns:xsd="http://www.w3.org/2001/XMLSchema" xmlns:xsi="http://www.w3.org/2001/XMLSchema-instance" xsi:type="xsd:int">5</a:value>
                    <a:nameRef>indice</a:nameRef>
                    <a:id>3</a:id>
                </a:ruleInputTestConfigs>
                <a:assertions xmlns:xsi="http://www.w3.org/2001/XMLSchema-instance" xsi:nil="true"/>
            </el>
            <el>
                <a:name>Ejemplo de borrar</a:name>
                <a:ruleInputTestConfigs>
                    <a:value xmlns:xsi="http://www.w3.org/2001/XMLSchema-instance" xsi:type="a:Expression">#"_a-0000e5b0-33e4-8000-9bb1-011c48011c48_2523516"()</a:value>
                    <a:nameRef>preg_resp_accion</a:nameRef>
                    <a:id>1</a:id>
                </a:ruleInputTestConfigs>
                <a:ruleInputTestConfigs>
                    <a:value xmlns:xsd="http://www.w3.org/2001/XMLSchema" xmlns:xsi="http://www.w3.org/2001/XMLSchema-instance" xsi:type="xsd:string">borrar</a:value>
                    <a:nameRef>accion</a:nameRef>
                    <a:id>2</a:id>
                </a:ruleInputTestConfigs>
                <a:ruleInputTestConfigs>
                    <a:value xmlns:xsd="http://www.w3.org/2001/XMLSchema" xmlns:xsi="http://www.w3.org/2001/XMLSchema-instance" xsi:type="xsd:int">5</a:value>
                    <a:nameRef>indice</a:nameRef>
                    <a:id>3</a:id>
                </a:ruleInputTestConfigs>
                <a:assertions xmlns:xsi="http://www.w3.org/2001/XMLSchema-instance" xsi:nil="true"/>
            </el>
            <el>
                <a:name>Ejemplo de nuevo</a:name>
                <a:ruleInputTestConfigs>
                    <a:value xmlns:xsi="http://www.w3.org/2001/XMLSchema-instance" xsi:type="a:Expression">#"_a-0000e5b0-33e4-8000-9bb1-011c48011c48_2523516"()</a:value>
                    <a:nameRef>preg_resp_accion</a:nameRef>
                    <a:id>1</a:id>
                </a:ruleInputTestConfigs>
                <a:ruleInputTestConfigs>
                    <a:value xmlns:xsd="http://www.w3.org/2001/XMLSchema" xmlns:xsi="http://www.w3.org/2001/XMLSchema-instance" xsi:type="xsd:string">nuevo</a:value>
                    <a:nameRef>accion</a:nameRef>
                    <a:id>2</a:id>
                </a:ruleInputTestConfigs>
                <a:ruleInputTestConfigs>
                    <a:value xmlns:xsd="http://www.w3.org/2001/XMLSchema" xmlns:xsi="http://www.w3.org/2001/XMLSchema-instance" xsi:type="xsd:int">5</a:value>
                    <a:nameRef>indice</a:nameRef>
                    <a:id>3</a:id>
                </a:ruleInputTestConfigs>
                <a:assertions xmlns:xsi="http://www.w3.org/2001/XMLSchema-instance" xsi:nil="true"/>
            </el>
        </value>
    </typedValue>
    <history>
        <historyInfo versionUuid="_a-0000e5b0-33e4-8000-9bb1-011c48011c48_2535782"/>
    </history>
</contentHaul>
